,winner,score,iterations
Uruguay,0.4,50.00000000000001,10
Switzerland,0.3,37.5,10
Spain,0.1,12.500000000000002,10
