,winner,score,iterations
Serbia,0.45,66.17647058823529,100
Croatia,0.13,19.11764705882353,100
England,0.1,14.705882352941176,100
