,winner,score,iterations
Serbia,0.4,44.44444444444445,10
England,0.3,33.333333333333336,10
Portugal,0.2,22.222222222222225,10
