,winner,score,iterations
Belgium,0.58,60.416666666666664,50
Serbia,0.34,35.41666666666667,50
Portugal,0.04,4.166666666666667,50
