,winner,score,iterations
Portugal,0.26,43.33333333333333,50
Spain,0.2,33.33333333333333,50
Brazil,0.14,23.333333333333332,50
