,winner,score,iterations
Brazil,0.52,62.65060240963855,100
Belgium,0.17,20.481927710843372,100
Croatia,0.14,16.867469879518072,100
