,winner,score,iterations
Switzerland,0.7,70.00000000000001,10
Croatia,0.2,20.000000000000004,10
Serbia,0.1,10.000000000000002,10
