,winner,score,iterations
Switzerland,0.38,54.28571428571428,50
Serbia,0.16,22.857142857142854,50
Brazil,0.16,22.857142857142854,50
