,winner,score,iterations
Serbia,0.3,42.85714285714286,10
Switzerland,0.2,28.571428571428573,10
Uruguay,0.2,28.571428571428573,10
