,winner,score,iterations
Switzerland,0.355,56.17088607594937,1000
Serbia,0.166,26.26582278481013,1000
Brazil,0.111,17.563291139240505,1000
