,winner,score,iterations
Switzerland,0.402,61.28048780487805,500
Brazil,0.134,20.426829268292682,500
Spain,0.12,18.29268292682927,500
