,winner,score,iterations
Switzerland,0.36,51.42857142857142,100
Serbia,0.19,27.14285714285714,100
Brazil,0.15,21.428571428571427,100
