,winner,score,iterations
Belgium,0.6,66.66666666666667,50
Brazil,0.16,17.77777777777778,50
France,0.14,15.555555555555557,50
