,winner,score,iterations
Switzerland,0.38,50.0,50
Serbia,0.24,31.57894736842105,50
Brazil,0.14,18.42105263157895,50
