,winner,score,iterations
Switzerland,0.4,58.8235294117647,50
Brazil,0.16,23.52941176470588,50
Serbia,0.12,17.64705882352941,50
