,winner,score,iterations
Serbia,0.5,55.555555555555564,10
Germany,0.2,22.222222222222225,10
England,0.2,22.222222222222225,10
