,winner,score,iterations
Switzerland,0.2,33.33333333333333,5
Portugal,0.2,33.33333333333333,5
Brazil,0.2,33.33333333333333,5
