,winner,score,iterations
Brazil,0.43,61.42857142857142,100
Belgium,0.14,20.0,100
Croatia,0.13,18.57142857142857,100
