,winner,score,iterations
Germany,0.64,71.11111111111111,50
England,0.22,24.444444444444443,50
Brazil,0.04,4.444444444444445,50
